source_dataset,NT,UT
NT,0.9219858156028369,0.8248587570621468
UT,0.925531914893617,0.9378531073446328
