{
  "exploratory_search": {
    "best_trial_number": 42,
    "best_validation_accuracy": 0.9644128113879004,
    "completed_trials": 20,
    "pruned_trials": 33,
    "trial_epochs": 5
  },
  "final_model_selection": {
    "checkpoint_epoch": 5,
    "validation_metric": {
      "accuracy": 0.9644128113879004,
      "loss": 0.11438820338758285
    }
  },
  "final_test": {
    "accuracy": 0.9539007092198581,
    "confusion_matrix": [
      [
        138,
        4
      ],
      [
        9,
        131
      ]
    ],
    "dataset": "NT",
    "loss": 0.1473176213549384,
    "per_class": {
      "0": {
        "f1": 0.9550173010380623,
        "precision": 0.9387755102040817,
        "recall": 0.971830985915493,
        "support": 142
      },
      "1": {
        "f1": 0.9527272727272728,
        "precision": 0.9703703703703703,
        "recall": 0.9357142857142857,
        "support": 140
      }
    },
    "split": "test"
  }
}
